{
		"kind": "Template",
		"apiVersion": "v1",
		"metadata": {
				"name": "${APP_NAME}",
				"annotations": {
						"tags": "${APP_NAME}",
						"iconClass": "icon-${APP_NAME}"
				}
		},
		"labels": {
				"template": "${APP_NAME}",
				"app": "${APP_NAME}"
		},
		"objects": [
				{
						"apiVersion": "v1",
						"kind": "ImageStream",
						"metadata": {
								"name": "${APP_NAME}"
						},
						"spec": {
								"lookupPolicy": {
										"local": false
								}
						}
				},
				{
						"apiVersion": "v1",
						"kind": "BuildConfig",
						"metadata": {
								"labels": {
										"app": "${APP_NAME}"
								},
								"name" : "${APP_NAME}"
						},
						"spec": {
								"output": {
										"to": {
												"kind": "ImageStreamTag",
												"name": "${APP_NAME}:latest"
										}
								},
								"source": {
										"binary": {
												
										},
										"type": "Binary"
								},
								"strategy": {
										"sourceStrategy": {
												"from": {
														"kind": "ImageStreamTag",
														"name": "redhat-openjdk18-openshift:1.5",
														"namespace": "openshift"
												},
												"type": "Source"
										}
								}
						}
						
				},
				{
						"kind": "Service",
						"apiVersion": "v1",
						"metadata": {
								"name": "${APP_NAME}",
								"annotations": {
										"description": "Exposes and loadbalnaces the application pods."
								}
						},
						"spec": {
								"ports": [
										{
												"name": "8080-tcp",
												"port": 8080,
												"targetPort": 8080
										},
										{
												"name": "8443-tcp",
												"port": 8443,
												"targetPort": 8443
										},
										{
												"name": "8778-tcp",
												"port": 8778,
												"targetPort": 8778
										},
										{
												"name": "7071-tcp",
												"port": 7071,
												"targetPort": 7071
										}
								],
								"selector": {
										"name": "${APP_NAME}"
								}
						}
				},
				{
						"kind": "Route",
						"apiVersion": "v1",
						"metadata": {
								"name": "${APP_NAME}"
						},
						"spec": {
								"port": {
										"targetPort": "7071-tcp"
								},
								"to": {
										"kind": "Service",
										"name": "${APP_NAME}"
								}
								
						}
				},
				{
						"kind": "DeploymentConfig",
						"apiVersion": "v1",
						"metadata": {
								"name": "${APP_NAME}",
								"annotations": {
										"description": "defines how to deploy the application.",
										"template.alpha.openshift.io/wait-for-ready": "true"
								}
						},
						"spec": {
								"strategy": {
										"rollingParams": {
												"maxSurge": "50%",
												"maxUnavailable": "50%"
										},
										"type": "Rolling"										
								},
								"replicas": 1,
								"selector": {
										"name": "${APP_NAME}"
								},
								"triggers": [
										{
												"imageChangeParams": {
														"automatic": true,
														"containerNames": [
																"${APP_NAME}"
														],
														"from": {
																"kind": "ImageStreamTag",
																"name": "${APP_NAME}:latest"
														}
														
												},
												"type": "ImageChange"
										}
								],
								"template": {
										"metadata": {
												"name": "${APP_NAME}",
												"labels": {
														"name": "${APP_NAME}"
												}
										},
										"spec": {
												"containers": [
														{
																"env": [
																		{
																				"name": "TZ",
																				"value": "Asia/Kolkata"
																		}
																],
																"name": "${APP_NAME}",
																"image": "image-registry.openshift-image-registry.svc:5000/${PROJECT}/${APP_NAME}:latest",
																"ports": [
																		{
																				"containerPort": 8080
																		},
																		{
																				"containerPort": 8443
																		},
																		{
																				"containerPort": 8778
																		},
																		{
																				"containerPort": 7071
																		}
																],
																"resources": {
																		"limits": {
																				"memory": "1Gi",
																				"cpu": "1000m"
																		},
																		"requests": {
																				"memory": "256Mi",
																				"cpu": "200m"
																		}
																}
														}
												]
										}
								}
								
						}
				}
				
		],
		"parameters": [
				{
						"name": "APP_NAME",
						"displayName": "Name of the Application."
				},
				{
						"name": "PROJECT",
						"displayName": "Project",
						"description": "Environment to be deployed on."
				}
		]
		




}