<infinispan
        xmlns:xsi="http://www.w3.org/2001/XMLSchema-instance"
        xsi:schemaLocation="urn:infinispan:config:10.1 https://infinispan.org/schemas/infinispan-config-10.1.xsd
                            urn:infinispan:server:10.1 https://infinispan.org/schemas/infinispan-server-10.1.xsd"
        xmlns="urn:infinispan:config:10.1"
        xmlns:server="urn:infinispan:server:10.1">

   <cache-container name="default" statistics="true">
      <transport cluster="${infinispan.cluster.name}" stack="${infinispan.cluster.stack:tcp}" node-name="keycloak-jdg-server"/>
       <!--<security>
	           <authorization>
                  <identity-role-mapper/>
                  <role name="___script_manager" permissions="ALL"/>
              </authorization>
	  </security>-->
         <replicated-cache mode="SYNC" name="offlineClientSessions" statistics="true">
            <locking concurrency-level="1000" acquire-timeout="15000" striping="false"/>
            <transaction mode="NONE"/>
            <state-transfer timeout="60000"/>
        </replicated-cache>
        <replicated-cache owners="1" mode="SYNC" name="default">
            <transaction mode="NONE"/>
            <memory>
                <off-heap strategy="REMOVE" eviction="MEMORY" size="96468992"/>
            </memory>
            <partition-handling when-split="ALLOW_READ_WRITES" merge-policy="REMOVE_ALL"/>
        </replicated-cache>
        <replicated-cache mode="SYNC" remote-timeout="17500" name="sessions" statistics="true">
            <locking concurrency-level="1000" acquire-timeout="15000" striping="false"/>
            <transaction mode="NONE"/>
            <state-transfer timeout="60000"/>
        </replicated-cache>
        <replicated-cache mode="SYNC" name="clientSessions" statistics="true">
            <locking concurrency-level="1000" acquire-timeout="15000" striping="false"/>
            <transaction mode="NONE"/>
            <state-transfer timeout="60000"/>
        </replicated-cache>
        <replicated-cache mode="SYNC" remote-timeout="17500" name="work" statistics="true">
            <locking concurrency-level="1000" acquire-timeout="15000" striping="false"/>
            <transaction mode="NONE"/>
            <state-transfer timeout="60000"/>
        </replicated-cache>
        <replicated-cache mode="SYNC" name="offlineSessions" statistics="true">
            <locking concurrency-level="1000" acquire-timeout="15000" striping="false"/>
            <transaction mode="NONE"/>
            <state-transfer timeout="60000"/>
        </replicated-cache>
	 <replicated-cache mode="SYNC" name="actionTokens" statistics="true">
            <locking concurrency-level="1000" acquire-timeout="15000" striping="false"/>
            <transaction mode="NONE"/>
            <state-transfer timeout="60000"/>
        </replicated-cache>
        <replicated-cache mode="SYNC" name="loginFailures" statistics="true">
            <locking concurrency-level="1000" acquire-timeout="15000" striping="false"/>
            <transaction mode="NONE"/>
            <state-transfer timeout="60000"/>
        </replicated-cache>
</cache-container>
   <server xmlns="urn:infinispan:server:10.1">
      <interfaces>
         <interface name="public">
            <inet-address value="${infinispan.bind.address:127.0.0.1}"/>
         </interface>
      </interfaces>

      <socket-bindings default-interface="public" port-offset="${infinispan.socket.binding.port-offset:0}">
         <socket-binding name="default" port="${infinispan.bind.port:11222}"/>
         <socket-binding name="memcached" port="11221"/>
      </socket-bindings>

      <security>
         <security-realms>

		 <security-realm name="default">
			 <!--            <server-identities>
                 <ssl>
                    <keystore path="application.keystore" relative-to="infinispan.server.config.path"
                              keystore-password="password" alias="client" key-password="password"
                              generate-self-signed-certificate-host="localhost"/>
                 </ssl>
	      </server-identities>-->
              <properties-realm groups-attribute="Roles">
                 <user-properties path="users.properties" relative-to="infinispan.server.config.path" plain-text="true"/>
                 <group-properties path="groups.properties" relative-to="infinispan.server.config.path" />
              </properties-realm>

                    </security-realm>

        </security-realms>
      </security>

      <endpoints socket-binding="default" security-realm="default">
        <hotrod-connector cache-container="default">
		<!--       <authentication>
           <sasl mechanisms="SCRAM-SHA-512 SCRAM-SHA-384 SCRAM-SHA-256 SCRAM-SHA-1 DIGEST-SHA-512 DIGEST-SHA-384 DIGEST-SHA-256 DIGEST-SHA DIGEST-MD5 PLAIN" qop="auth" server-name="keycloak-jdg-server">
       <policy>
	    <no-anonymous value="false" />
	       </policy>
           </sasl>
       </authentication>-->

</hotrod-connector>
<rest-connector name="rest">
<!--
<authentication mechanisms="DIGEST"/>-->
</rest-connector>
      </endpoints>
   </server>


</infinispan>
